date,category,w1,w2,w3,w4
2023-10-08,CELEBRATORY OCCASIONS,ANNIVERSARY,BIRTHDAY,SHOWER,WEDDING
2023-10-08,PHONE CONNECTIVITY,BARS,RECEPTION,SERVICE,SIGNAL
2023-10-08,CITIES AND TOWNS IN ENGLAND,BATH,DERBY,READING,SANDWICH
2023-10-08,___ OPERA,COMIC,MET,ROCK,SOAP
2023-10-07,RHYMES,DARREN,KAREN,SHARON,AARON
2023-10-07,NATURAL FEATURES,DALE,BROOK,SAVANNA,CLIFF
2023-10-07,PAST TENSE VERBS,DREW,ROSE,WILL,MAY
2023-10-07,PALINDROMES,EVE,HANNAH,OTTO,NATAN
2023-10-06,LAUGHTER-IN A TEXT,DEAD,HAHA,LOL,ROFL
2023-10-06,ART MOVEMENTS,DADA,DECO,GOTHIC,POP
2023-10-06,“PETER PAN” CHARACTERS,HOOK,NANA,PETER,WENDY
2023-10-06,LADY ___,BIRD,GAGA,LUCK,MACBETH
2023-10-05,DIVISION,ARM,BRANCH,CHAPTER,WING
2023-10-05,IMPERIAL UNITS,BUSHEL,PECK,STONE,TON
2023-10-05,M.L.B. TEAM MEMBER,ANGEL,CUB,MET,RED
2023-10-05,INSECT HOMOPHONES,AUNT,BEATLE,FLEE,NAT
2023-10-04,CHRISTMAS-RELATED,MISTLETOE,REINDEER,SNOWMAN,STOCKING
2023-10-04,MAKE PUBLIC,DISPLAY,EXHIBIT,PRESENT,SHOW
2023-10-04,TORUS-SHAPED FOOD,BAGEL,CHEERIO,DONUT,LIFESAVER
2023-10-04,THINGS WITH STRIPES,CANDY CANE,CROSSWALK,REFEREE,TIGER
2023-10-03,LONG-HAIRED ANIMALS,AFGHAN,ALPACA,ANGORA,YAK
2023-10-03,PRATTLE ON,BLATHER,CHAT,JABBER,GAB
2023-10-03,SNEAKER BRANDS,CONVERSE,JORDAN,PUMA,VANS
2023-10-03,___ BALLOON,LEAD,SPEECH,TRIAL,WATER
2023-10-02,WAYS TO SHOW RESPECT,BOW,KNEEL,SALUTE,STAND
2023-10-02,IPHONE APPS,CLOCK,MAIL,MAPS,NOTES
2023-10-02,ANIMAL COVERINGS,DOWN,FUR,SCALES,SHELL
2023-10-02,“POINTERS”,ARROW,DOG,FINGER,HINT
2023-10-01,COFFEE COUNTER ITEMS,CUP,LID,STIRRER,STRAW
2023-10-01,NOCTURNAL ANIMALS,BAT,MOTH,OWL,WOLF
2023-10-01,THINGS THAT ARE RED,BEET,BRICK,CARDINAL,POPPY
2023-10-01,___ FIGURE,ACTION,BALLPARK,GO,STICK
2023-09-30,PLAYING CARD SUITS,CLUB,DIAMOND,HEART,SPADE
2023-09-30,GOLF CLUBS,IRON,PUTTER,WEDGE,WOOD
2023-09-30,YEARN,ACHE,LONG,PINE,THIRST
2023-09-30,INSUFFICIENT,LOW,SHORT,SHY,WANTING
2023-09-29,VERY IMPORTANT,CENTRAL,CRITICAL,KEY,VITAL
2023-09-29,RECYCLNG CATEGORIES,GLASS,METAL,PAPER,PLASTIC
2023-09-29,HUDSONS,HENRY,JENNIFER,KATE,ROCK
2023-09-29,WHAT “BEAT” MAY MEAN,ASSIGNMENT,DEFEAT,TEMPO,TIRED
2023-09-28,REFLECT LIGHT,FLASH,GLEAM,GLITTER,SPARKLE
2023-09-28,WAYS TO GATHER FOOD,FISH,FORAGE,HUNT,TRAP
2023-09-28,RAP SUBGENRES,BOUNCE,CRUNK,DRILL,GRIME
2023-09-28,LIGHT ___,BEER,BULB,RAIL,YEAR
2023-09-27,PRODUCED BY TREES,ACORN,CONE,POLLEN,SAP
2023-09-27,CANDY STORE TREATS,CHOCOLATE,GUM,LICORICE,LOLLIPOP
2023-09-27,TARGET OF A SCHEME,CHUMP,FOOL,MARK,SUCKER
2023-09-27,THINGS WITH EYE(S),FACE,HURRICANE,NEEDLE,POTATO
2023-09-26,SNAKES,BOA,MAMBA,PYTHON,VIPER
2023-09-26,LINGERIE,GARTER,SLIP,TEDDY,THONG
2023-09-26,SUMMARY,ABSTRACT,BRIEF,DIGEST,RUNDOWN
2023-09-26,FULL ___,CIRCLE,HOUSE,MONTY,MOON
2023-09-25,BRIDAL ACCESSORIES,BOUQUET,RING,TRAIN,VEIL
2023-09-25,“C” WORDS FOR “ENVELOP”,CAKE,COAT,COVER,CRUST
2023-09-25,JACKS,BLACK,FROST,MA,SPARROW
2023-09-25,SOCIAL MEDIA APP ENDINGS,BOOK,GRAM,IN,TUBE
2023-09-24,KITCHEN UTENSILS,GRATER,LADLE,PEELER,WHISK
2023-09-24,VERTEBRATES,BIRD,FISH,MAMMAL,REPTILE
2023-09-24,SUPER MARIO-RELATED,DINOSAUR,MUSHROOM,PLUMBER,PRINCESS
2023-09-24,SITCOM FAMILIES,BUNKER,CLEAVER,PARTRIDGE,TANNER
2023-09-23,ROBUST,FIT,HEALTHY,SOUND,STRONG
2023-09-23,DECLINE,DIP,DROP,FALL,SINK
2023-09-23,WATER SOURCES,FOUNTAIN,SPRING,TAP,WELL
2023-09-23,WOMEN SINGERS,KEYS,NICKS,SUMMER,SWIFT
2023-09-22,SODA FOUNTAIN ORDERS,FLOAT,MALT,SHAKE,SUNDAE
2023-09-22,SET-AS PLANS,CONCRETE,FIRM,SOLID,TANGIBLE
2023-09-22,M. NIGHT SHYAMALAN MOVIES,GLASS,OLD,SIGNS,SPLIT
2023-09-22,___BOARD,DASH,HOVER,KEY,STAR
2023-09-21,RESTAURANT WORKERS,BARTENDER,CHEF,HOST,SERVER
2023-09-21,MOTOR VEHICLES,BUS,CAR,MOTORCYCLE,TRUCK
2023-09-21,MUPPETS,ANIMAL,BEAKER,GONZO,SCOOTER
2023-09-21,HAND AND FOOT RELATED SLANG,DIGIT,DOG,MITT,PIGGY
2023-09-20,REPLACEMENT,BACKUP,COPY,EXTRA,SPARE
2023-09-20,BOWLING,ALLEY,BALL,LANE,PIN
2023-09-20,COMMON MERCH ITEMS,MUG,PEN,TEE,TOTE
2023-09-20,NUMBER HOMOPHONES,ATE,FOR,TOO,WON
2023-09-19,WEB BROWSER-RELATED,BOOKMARK,HISTORY,TAB,WINDOW
2023-09-19,SHIRT FEATURES,BUTTON,COLLAR,CUFF,POCKET
2023-09-19,CONNECTION,BOND,LINK,RELATION,TIE
2023-09-19,DIRTY ___,DOZEN,JOKE,LAUNDRY,MARTINI
2023-09-18,INTELLIGENT,BRIGHT,CLEVER,QUICK,SHARP
2023-09-18,AIRLINES,ALASKA,FRONTIER,SOUTHWEST,SPIRIT
2023-09-18,WESTERN TROPES,COWBOY,DRIFTER,OUTLAW,SHERIFF
2023-09-18,TV SHOW TITLE SURNAMES,LASSO,MARS,ROGERS,SMART
2023-09-17,FRUITS,APRICOT,FIG,GRAPE,LIME
2023-09-17,LUXURIOUS,DELUXE,GRAND,LAVISH,OPULENT
2023-09-17,BEST ACTRESS OSCAR WINNERS,BERRY,FOSTER,STONE,SWANK
2023-09-17,WHAT “GREEN” MIGHT MEAN,ENVIOUS,FRESH,NAIVE,UNWELL
2023-09-16,FAIRY TALE FIGURES,GIANT,PRINCESS,WITCH,WOLF
2023-09-16,CHESS TERMS,BISHOP,MATE,GAMBIT,QUEEN
2023-09-16,“PEANUTS” CHARACTERS,CHARLIE,PEPPERMINT PATTY,PIGPEN,WOODSTOCK
2023-09-16,I LOVE ___,LUCY,NEW YORK,ROCK 'N ROLL,YOU
2023-09-15,BOVIDS,BUFFALO,COW,GOAT,SHEEP
2023-09-15,EMIT LIGHT,BEAM,GLOW,RADIATE,SHINE
2023-09-15,GYMNASTICS APPARATUS,FLOOR,HORSE,RINGS,VAULT
2023-09-15,WORDS THAT SOUND LIKE TWO LETTERS,CUTIE,ENVY,EXCEL,SEEDY
2023-09-14,EYE PARTS,IRIS,LENS,PUPIL,RETINA
2023-09-14,COUNTERFEIT,BOGUS,FAKE,PHONY,SHAM
2023-09-14,RADIO LINGO,COPY,OUT,OVER,ROGER
2023-09-14,SONGS THAT ARE NAMES,ALEJANDRO,LOLA,MICHELLE,STAN
2023-09-13,“SKEDADDLE!”,GET OUT,GO,LEAVE,SCRAM
2023-09-13,PRONOUNS,ME,THEM,US,YOU
2023-09-13,ANAGRAMS,NOPE,OPEN,PEON,PONE
2023-09-13,___ BABY,BEANIE,FUR,NEPO,SANTA
2023-09-12,HOT DRINKS,CHAI,COCOA,COFFEE,TEA
2023-09-12,ANIMAL SOUNDS,BUZZ,CLUCK,MEOW,OINK
2023-09-12,TREE FEATURES,BARK,BRANCH,ROOT,TRUNK
2023-09-12,INSIDE INFO,DIRT,DISH,SCOOP,SKINNY
2023-09-11,HALLOWEEN DECORATIONS,BAT,COBWEB,PUMPKIN,TOMBSTONE
2023-09-11,TV SHOWS,24,BONES,FIREFLY,WEEDS
2023-09-11,SLOT MACHINE SYMBOLS,7,BAR,BELL,CHERRY
2023-09-11,NUMBERS IN BOOK TITLES,22,451,2001,20-0
2023-09-10,AMAZON ANIMALS,ANACONDA,CAPYBARA,JAGUAR,TOUCAN
2023-09-10,LOWEST POINT,BASE,BOTTOM,FOOT,FOUNDATION
2023-09-10,MUSICALS,COMPANY,GREASE,HAIR,RENT
2023-09-10,SEA ___,CHANGE,CUCUMBER,LEGS,LION
2023-09-09,BASEBALL CALLS,BALL,OUT,SAFE,STRIKE
2023-09-09,HEAT SOURCES,FORGE,FURNACE,KILN,OVEN
2023-09-09,FISH THAT ARE VERBS,CARP,CATFISH,FLOUNDER,SMELT
2023-09-09,SILENT “L”,COLONEL,SALMON,WALK,YOLK
2023-09-08,INHERENT NATURE,ESSENCE,HEART,SPIRIT,SOUL
2023-09-08,FERMENETED ALCOHOLIC BEVERAGES,CIDER,PORT,SAKE,STOUT
2023-09-08,PIXAR MOVIES,BRAVE,CARS,COCO,UP
2023-09-08,___ TAPE,DEMO,RED,SCOTCH,TICKER
2023-09-07,ROCKY HORROR PICTURE SHOW,HORROR,PICTURE,ROCKY,SHOW
2023-09-07,WHO FRAMED ROGER RABBIT,FRAMED,RABBIT,ROGER,WHO
2023-09-07,WHEN HARRY MET SALLY,HARRY,MET,SALLY,WHEN
2023-09-07,MAD MAX FURY ROAD,FURY,MAD,MAX,ROAD
2023-09-06,CREATURES IN FOLKLORE,GNOME,GOBLIN,OGRE,TROLL
2023-09-06,FLOWER PARTS,BUD,LEAF,PETAL,STALK
2023-09-06,ONE INVOLVED IN ESPIONAGE,AGENT,MOLE,PLANT,SPY
2023-09-06,CHINESE ZODIAC ANIMALS,DRAGON,HORSE,RABBIT,TIGER
2023-09-05,INFORMATION DISPLAYS,CHART,DIAGRAM,GRAPH,MAP
2023-09-05,ADDITIONAL BENEFIT,BONUS,EXTRA,ICING,PERK
2023-09-05,THANKSGIVING FOOD,GRAVY,PIE,STUFFING,TURKEY
2023-09-05,SONG TITLES WITH PARENTHESES,I RAN,ISTANBUL,MONTERO,SATISFACTION
2023-09-04,PAINTING ACCESSORIES,BRUSH,CANVAS,EASEL,PALETTE
2023-09-04,AUTOMATIC TRANSMISSION SETTINGS,DRIVE,NEUTRAL,PARK,REVERSE
2023-09-04,THINGS WITH TEETH,COMB,GEAR,SAW,ZIPPER
2023-09-04,___ CHAIR,FIRST,FOLDING,HIGH,LAWN
2023-09-03,FEMALE ANIMALS,COW,DOE,HEN,MARE
2023-09-03,PRONOUNS,I,IT,THEY,WE
2023-09-03,ROMAN NUMERALS,D,L,M,V
2023-09-03,HOMOPHONES,EWE,U,YEW,YOU
2023-09-02,AU NATUREL,BARE,NAKED,NUDE,UNCLAD
2023-09-02,BAKED GOODS,BUN,DANISH,MUFFIN,TURNOVER
2023-09-02,AMERICAN FOOTBALL ACTIONS,FUMBLE,PUNT,SACK,SNAP
2023-09-02,MANICURE STEPS,BUFF,CLIP,FILE,POLISH
2023-09-01,DRINK VESSELS,GOBLET,SNIFTER,TUMBLER,STEIN
2023-09-01,WOODWINDS,CLARINET,FLUTE,OBOE,SAXOPHONE
2023-09-01,AMERICAN POETS,BISHOP,FROST,OLDS,POUND
2023-09-01,CONSECUTIVE DOUBLE LETTERS,BALLOON,BASSOON,COFFEE,FRICASSEE
2023-08-31,APPETIZER UNIT,FRY,NACHO,POPPER,WING
2023-08-31,RESPONSE TO A CORRECT ANSWER,BINGO,CORRECT,RIGHT,YES
2023-08-31,MAR,CHIP,DING,NICK,SCRATCH
2023-08-31,___JACK,APPLE,CRACKER,FLAP,LUMBER
2023-08-30,PLAYGROUND FIXTURES,SANDBOX,SEESAW,SLIDE,SWING
2023-08-30,INFLUENCE,CLOUT,PULL,SWAY,WEIGHT
2023-08-30,EGYPTIAN SYMBOLS,ANKH,CROOK,EYE,SCARAB
2023-08-30,FONTS,COURIER,IMPACT,PAPYRUS,TIMES
2023-08-29,DEPART QUICKLY,BOOK,BOUNCE,RUN,SPLIT
2023-08-29,ANIMALS THAT END WITH X,FOX,IBEX,LYNX,ORYX
2023-08-29,SHADES OF BLACK,EBONY,JET,ONYX,RAVEN
2023-08-29,WORDS BEFORE DAYS OF THE WEEK,ASH,BLACK,CYBER,FAT
2023-08-28,STATES OF ELATION,BLISS,CLOUD NINE,HEAVEN,PARADISE
2023-08-28,SCAM,CON,FAST ONE,HUSTLE,RACKET
2023-08-28,GREETING GESTURES,HIGH FIVE,HUG,SHAKE,WAVE
2023-08-28,___ LIST,BUCKET,GUEST,TOP TEN,WISH
2023-08-27,POULTRY CUTS,BREAST,DRUMSTICK,TENDER,WING
2023-08-27,GOLF TERMS,DRIVER,EAGLE,HOLE,STROKE
2023-08-27,DRUM SET COMPONENTS,CYMBAL,KICK,SNARE,TOM
2023-08-27,"""ASSOCIATED WITH """"CRAWL""""""",INFANT,PUB,SWIMMING,TICKER
2023-08-26,BOARD GAMES,RISK,SORRY,TABOO,TROUBLE
2023-08-26,NEWSPAPER SECTIONS,BUSINESS,NATIONAL,OPINION,STYLE
2023-08-26,FIGURES IN GREEK MYTH,ATLAS,HERMES,NIKE,PARIS
2023-08-26,ADJECTIVES IN RAPPERS' NAMES,FOXY,GUCCI,KILLER,NOTORIOUS
2023-08-25,SOCIAL GATHERING,BASH,BLOWOUT,PARTY,SHINDIG
2023-08-25,PINOCCHIO FIGURES,CRICKET,PUPPET,WHALE,WOODCARVER
2023-08-25,FOUND IN A KITCHEN,COUNTER,MIXER,RANGE,SINK
2023-08-25,EASTER ___,BUNNY,EGG,ISLAND,SUNDAY
2023-08-24,EXTINCT ANIMALS,DODO,MAMMOTH,MASTODON,TRILOBITE
2023-08-24,FAILURES,BUSTS,FLOPS,MISSES,TURKEYS
2023-08-24,SLANG FOR CLOTHES,DUDS,GETUP,OUTFIT,THREADS
2023-08-24,KISS,PECK,SMACK,SMOOCH,X
2023-08-23,FACIAL HAIR,BEARD,GOATEE,MUSTACHE,STUBBLE
2023-08-23,BIKE PARTS,GEAR,HANDLEBAR,PEDAL,WHEEL
2023-08-23,PURSUE,DOG,FOLLOW,TAIL,TRACK
2023-08-23,THINGS THAT ARE CAST,DOUBT,MOVIE,SHADOW,VOTE
2023-08-22,PERFORMING ARTISTS,ACTOR,DANCER,SINGER,STAND-UP
2023-08-22,SANTA'S REINDEER,COMET,CUPID,DASHER,VIXEN
2023-08-22,SEEN ON VALENTINE'S DAY,CARD,CHOCOLATE,HEART,ROSE
2023-08-22,"""BAD ___ MOVIES""""""",BOYS,LIEUTENANT,SANTA,TASTE
2023-08-21,U.S. MOUNTAIN STATES,ARIZONA,COLORADO,NEVADA,UTAH
2023-08-21,SODA BRANDS,CRUSH,MUG,SPRITE,SQUIRT
2023-08-21,CLASSIC ROCK BANDS,GENESIS,KANSAS,RUSH,YES
2023-08-21,TONY ___,HAWK,MONTANA,SOPRANO,STARK
2023-08-20,CAMPING SUPPLIES,COOLER,LANTERN,SLEEPING BAG,TENT
2023-08-20,INSULT,BARB,DIG,DISS,JAB
2023-08-20,TINY,MINUTE,SLIGHT,SMALL,WEE
2023-08-20,HAPPY ___,CAMPER,HOUR,MEAL,MEDIUM
2023-08-19,FRIEND,BUD,CHUM,MATE,PAL
2023-08-19,COOKWEAR,CROCK,POT,SKILLET,WOK
2023-08-19,SHOES,CLOG,PUMP,SLIDE,WEDGE
2023-08-19,SLANG FOR CANNABIS,GRASS,HERB,MARY JANE,WEED
2023-08-18,UNITS OF VOLUME,CUP,GALLON,PINT,QUART
2023-08-18,EXTREMELY,AWFUL,QUITE,SUPER,VERY
2023-08-18,WORLD CURRENCIES,RAND,REAL,STERLING,WON
2023-08-18,___ CAKE,CARROT,COFFEE,POUND,SPONGE
2023-08-17,DESSERTS,CAKE,COBBLER,PIE,TART
2023-08-17,OCCUPATIONAL SURNAMES,FISHER,MASON,MILLER,SMITH
2023-08-17,ALTER DECEPTIVELY,DISTORT,DOCTOR,FUDGE,TWIST
2023-08-17,SQUARE ___,DANCE,MEAL,ONE,ROOT
2023-08-16,TIME PERIODS,CENTURY,DECADE,MILLENNIUM,YEAR
2023-08-16,BREAKFAST FOODS,CEREAL,OMELET,PANCAKE,WAFFLE
2023-08-16,PAINTERS,BACON,CLOSE,MUNCH,WHISTLER
2023-08-16,ONE IN A DOZEN,EGG,JUROR,MONTH,ROSE
2023-08-15,STATES OF MATTER,GAS,LIQUID,PLASMA,SOLID
2023-08-15,ENERGY,JUICE,SPIRIT,STEAM,VIGOR
2023-08-15,CLASSICAL ELEMENTS,AIR,EARTH,FIRE,WATER
2023-08-15,THINGS WITH RINGS,CIRCUS,SATURN,TREE,WEDDING
2023-08-14,CLASSIC DOG NAMES,FIDO,LUCKY,ROVER,SPOT
2023-08-14,PERCEIVE,CATCH,NOTICE,OBSERVE,SEE
2023-08-14,FISHING TERMS,BAIT,CHUM,FLY,SINKER
2023-08-14,T ____,BONE,REX,SHIRT,STORM
2023-08-13,FASTENING VERBS,BUCKLE,BUTTON,SNAP,ZIP
2023-08-13,SLANG FOR ZERO,JACK,NADA,NOTHING,SQUAT
2023-08-13,GYM EXERCISES,CURL,LUNGE,PLANK,PRESS
2023-08-13,CAPTAINS,CRUNCH,KANGAROO,OBVIOUS,PLANET
2023-08-12,STATE ABBREVIATIONS,CO,MA,ME,PA
2023-08-12,MUSICAL NOTES,DO,FA,LA,TI
2023-08-12,GREEK LETTERS,MU,NU,PI,XI
2023-08-12,PERIODIC TABLE SYMBOLS,FE,HE,NA,NI
2023-08-11,THEORETICAL PHYSICISTS,EINSTEIN,FEYNMAN,HAWKING,OPPENHEIMER
2023-08-11,TALENT,FACULTY,FLAIR,GENIUS,GIFT
2023-08-11,AUSTRALIAN TERMS,BARBIE,BUSH,CRIKEY,MATE
2023-08-11,___ POINT,MATCH,MOOT,SELLING,WEST
2023-08-10,HORROR FRANCHISES,PURGE,RING,SAW,SCREAM
2023-08-10,SPORTS VENUES,COURT,DIAMOND,FIELD,RINK
2023-08-10,MAKE HAPPY,CHARM,DELIGHT,PLEASE,TICKLE
2023-08-10,JEWELRY,ANKLET,BANGLE,BROOCH,PENDANT
2023-08-09,UNSPECIFIED QUANTITIES,FEW,HANDFUL,SEVERAL,SOME
2023-08-09,NEWSPAPERS,GLOBE,JOURNAL,POST,SUN
2023-08-09,CELESTIAL OBJECTS,ASTEROID,COMET,MOON,PLANET
2023-08-09,FRUIT HOMOPHONES,LYME,MELLON,PAIR,PLUMB
2023-08-08,ARACHNIDS,MITE,SCORPION,SPIDER,TICK
2023-08-08,FISH,CHAR,EEL,PERCH,SHARK
2023-08-08,SUPERHEROES,BLACK WIDOW,BLADE,FLASH,STORM
2023-08-08,MTV SHOWS,CATFISH,CRIBS,JACKASS,STATE
2023-08-07,MOVIE GENRES,HORROR,MUSICAL,ROMANCE,WESTERN
2023-08-07,PATTERNS,HOUNDSTOOTH,PAISLEY,PLAID,STRIPES
2023-08-07,SYNONYMS FOR FALSEHOOD,FIB,FICTION,LIE,TALE
2023-08-07,CANDY PIECES,DOT,GOOBER,KISS,WHOPPER
2023-08-06,CLASSIC ARCADE GAMES,ASTEROIDS,BREAKOUT,FROGGER,PONG
2023-08-06,DANCES,HUSTLE,SALSA,SWING,TANGO
2023-08-06,TOUCHSCREEN GESTURES,PINCH,SPREAD,SWIPE,TAP
2023-08-06,RAPPERS MINUS NUMBERS,CENT,CHAINZ,PAC,SAVAGE
2023-08-05,CLASSIC TOYS,BLOCKS,DOLL,TOP,YO-YO
2023-08-05,WORDS WITH THREE G'S,BAGGAGE,EGGNOG,GIGGLE,LEGGINGS
2023-08-05,SHAKESPEARE CHARACTERS,DUNCAN,JULIET,PUCK,VIOLA
2023-08-05,___ STICK,FISH,HOCKEY,MEMORY,SELFIE
2023-08-04,PLACES FOR WORSHIP,ALTAR,RELIQUARY,SHRINE,TEMPLE
2023-08-04,CARTOON CATS,FELIX,GARFIELD,SYLVESTER,TOM
2023-08-04,PRESIDENTIAL FIRST NAMES,CALVIN,CHESTER,GROVER,HARRY
2023-08-04,___ ROAD,ABBEY,HIGH,ROCKY,SILK
2023-08-03,ANIMAL GROUP NAMES,COLONY,HERD,PRIDE,SWARM
2023-08-03,STONED,BAKED,BLAZED,HIGH,LIT
2023-08-03,AP CLASSES,BIO,CHEM,GOV,STATS
2023-08-03,TAXONOMY RANKS,CLASS,DOMAIN,FAMILY,ORDER
2023-08-02,COMPUTER EQUIPMENT,KEYBOARD,MONITOR,MOUSE,SPEAKER
2023-08-02,RODENTS,GERBIL,HAMSTER,RAT,VOLE
2023-08-02,MUSICAL INSTRUMENTS,HARP,HORN,ORGAN,TRIANGLE
2023-08-02,SYNONYMS FOR COMPLAIN,CARP,GRIPE,GROUSE,MOAN
2023-08-01,LONG SANDWICHES,HERO,HOAGIE,GRINDER,SUB
2023-08-01,DATING APPS,BUMBLE,HINGE,MATCH,TINDER
2023-08-01,VAMPIRE MOVIES,BLADE,LOST BOYS,NEAR DARK,TWILIGHT
2023-08-01,ADAMS,ANT,DRIVER,SCOTT,WEST
2023-07-31,UNITS OF LENGTH,FOOT,INCH,MILE,YARD
2023-07-31,TYPES OF PAINT,ACRYLIC,OIL,TEMPERA,WATERCOLOR
2023-07-31,DEEP FRIED FOOD,FALAFEL,KATSU,SAMOSA,SCHNITZEL
2023-07-31,STARTS OF U.S. COINS,DIM,NICK,PEN,QUART
2023-07-30,RELATIVES,AUNT,COUSIN,MOTHER,NEPHEW
2023-07-30,SYNONYMS FOR OFFBEAT,DAFFY,KOOKY,QUIRKY,WACKY
2023-07-30,DISNEY DUCKS,DAISY,DEWEY,DONALD,SCROOGE
2023-07-30,___ CLOCK,ALARM,BIOLOGICAL,CUCKOO,GRANDFATHER
2023-07-29,FABRICS,CORDUROY,DENIM,LINEN,TWEED
2023-07-29,APPARITIONS,GHOST,PHANTOM,SPECTER,SPIRIT
2023-07-29,SYNONYMS FOR BOTHER,NEEDLE,POKE,RIB,TEASE
2023-07-29,DISNEY CHARACTERS,BEAST,GENIE,SCAR,STITCH
2023-07-28,BIOMES,DESERT,FOREST,GRASSLAND,TUNDRA
2023-07-28,LIZARDS,CHAMELEON,GECKO,IGUANA,MONITOR
2023-07-28,YOGA POSES,COBRA,LOTUS,TREE,WARRIOR
2023-07-28,DANCES WHEN DOUBLED,CAN,CHA,GO,NAE
2023-07-27,MOVIE TITLE CITIES,CHICAGO,MUNICH,PHILADELPHIA,RIO
2023-07-27,FASHION MAGAZINES,ALLURE,ELLE,GLAMOUR,W
2023-07-27,STORMS,BLIZZARD,CYCLONE,SQUALL,TORNADO
2023-07-27,COCKTAILS,COSMOPOLITAN,HURRICANE,MANHATTAN,SCREWDRIVER
2023-07-26,MODES OF TRANSPORTATION,BOAT,CAR,PLANE,TRAIN
2023-07-26,NBA PLAYERS,KING,MAGIC,SUN,THUNDER
2023-07-26,FAST FOOD CHAINS,CHECKERS,OUTBACK,SONIC,SUBWAY
2023-07-26,BAND NAMES MINUS COLORS,DAY,FLOYD,SABBATH,STRIPES
2023-07-25,STATES OF MATTER,GAS,LIQUID,PLASMA,SOLID
2023-07-25,EDIT MENU COMMANDS,COPY,CUT,PASTE,UNDO
2023-07-25,DEFEAT BADLY,CRUSH,ROUT,SHELLAC,TRASH
2023-07-25,ANAGRAMS,LEAST,SLATE,STALE,TESLA
2023-07-24,SYNONYMS FOR ANGRY,FURIOUS,INCENSED,IRATE,LIVID
2023-07-24,THINGS THAT ARE YELLOW,BANANA,CANARY,SCHOOL BUS,SUNFLOWER
2023-07-24,MARINE BIRDS,BOOBY,GULL,PELICAN,PUFFIN
2023-07-24,___ BOYS,BEACH,BEASTIE,HARDY,LOST
2023-07-23,SCUBA GEAR,FINS,MASK,SNORKEL,TANK
2023-07-23,PUNCTUATION MARKS,COLON,COMMA,HYPHEN,PERIOD
2023-07-23,RUN QUICKLY,BOLT,DASH,RACE,SPRINT
2023-07-23,___ CAT,DOJA,FAT,HOUSE,JUNGLE
2023-07-22,BOTTLED WATER BRANDS,DASANI,EVIAN,FIJI,VOSS
2023-07-22,SLANG FOR COFFEE,BREW,JAVA,JOE,MUD
2023-07-22,ISLAND COUNTRIES,CUBA,JAPAN,MALTA,PALAU
2023-07-22,CEREAL MASCOTS,LUCKY,POP,SAM,TONY
2023-07-21,WOODWINDS,BASSOON,CLARINET,FLUTE,OBOE
2023-07-21,COVERINGS,CAP,COVER,LID,TOP
2023-07-21,SUNGLASSES,AVIATOR,CAT EYE,WAYFARER,WRAPAROUND
2023-07-21,SEALS,HARBOR,HARP,HOODED,MONK
2023-07-20,TIMEKEEPING DEVICES,CLOCK,HOURGLASS,SUNDIAL,WATCH
2023-07-20,HAIRSTYLES,BOB,CROP,PIXIE,SHAG
2023-07-20,UNITS OF MEASURE,HERTZ,MOLE,NEWTON,SECOND
2023-07-20,DR. ___,EVIL,J,NO,PEPPER
2023-07-19,TREES,ASH,CEDAR,MAPLE,PINE
2023-07-19,LAND FORMATIONS,HILL,MOUNTAIN,PLATEAU,VALLEY
2023-07-19,BAGEL FLAVORS,EVERYTHING,ONION,PLAIN,POPPY
2023-07-19,STREETS ON SCREEN,ELM,FEAR,JUMP,SESAME
2023-07-18,MARINE MAMMALS,DOLPHIN,MANATEE,OTTER,SEAL
2023-07-18,BIKE PARTS,BRAKE,CHAIN,SADDLE,SPOKE
2023-07-18,SYNONYMS FOR SELL,HAWK,MOVE,PEDDLE,VEND
2023-07-18,"""COUNTRIES WHEN """"A"""" IS ADDED""",CHIN,CUB,MALT,TONG
2023-07-17,MARSUPIALS,KANGAROO,KOALA,WALLABY,WOMBAT
2023-07-17,CHOCOLATE BARS,CHUNKY,CRUNCH,MARS,MOUNDS
2023-07-17,SLANG FOR MONEY,CHEDDAR,DOUGH,PAPER,STACKS
2023-07-17,NAKED ___,EYE,GUN,MOLE RAT,TRUTH
2023-07-16,U.S. COINS,DIME,NICKEL,PENNY,QUARTER
2023-07-16,METAL ELEMENTS,IRON,LEAD,TIN,ZINC
2023-07-16,LUCKY CHARMS MARSHMALLOWS,CLOVER,HORSESHOE,MOON,RAINBOW
2023-07-16,___ AND ___,AGAIN,HALF,NECK,SO
2023-07-15,PLEASANT SMELLS,AROMA,BOUQUET,FRAGRANCE,SCENT
2023-07-15,MUSIC GENRES,BLUES,COUNTRY,FUNK,SOUL
2023-07-15,ROCK PAPER SCISSORS,PAPER,ROCK,SCISSORS,SHOOT
2023-07-15,MALE ANIMALS,BOAR,BUCK,BULL,JACK
2023-07-14,BOATS,FERRY,JUNK,TUG,YACHT
2023-07-14,SANDWICHES,CLUB,CUBAN,MELT,SUB
2023-07-14,CUTS OF BEEF,FLANK,LOIN,ROUND,SHANK
2023-07-14,NICKNAMES THAT ARE VERBS,CHUCK,JOSH,ROB,SUE
2023-07-13,SHOE PARTS,HEEL,LACE,SOLE,TONGUE
2023-07-13,BOARD GAMES,CLUE,RISK,SORRY,TROUBLE
2023-07-13,FICTIONAL SPIES,BOND,HUNT,RYAN,SMART
2023-07-13,RUBBER ___,BAND,CEMENT,DUCKIE,SOUL
2023-07-12,VEGETABLES THAT ARE ALSO FRUITS,CUCUMBER,EGGPLANT,PEPPER,TOMATO
2023-07-12,3-D SHAPES,CONE,CUBE,PYRAMID,SPHERE
2023-07-12,"""WORDS WITH """"i""""""",MAC,PAD,PHONE,POD
2023-07-12,WORDS WITH TWO PRONUNCIATIONS,JOB,LIMA,MOBILE,POLISH
2023-07-11,NFL PLAYERS,BRONCO,COWBOY,PACKER,RAVEN
2023-07-11,PASTA SHAPES,BOWTIE,ELBOW,SHELL,SPIRAL
2023-07-11,JOINTS,HIP,KNEE,SHOULDER,WRIST
2023-07-11,"""MOVIES WITH """"!""""""",AIRPLANE,MOTHER,OKLAHOMA,THEM
2023-07-10,WINGED INSECTS,FLY,GNAT,MOTH,WASP
2023-07-10,ARITHMETIC OPERATIONS,ADD,DIVIDE,MULTIPLY,SUBTRACT
2023-07-10,FISH,TANG,TETRA,SKATE,SOLE
2023-07-10,___ CAT,ALLEY,COOL,COPY,LAP
2023-07-09,SEVEN DWARFS,BASHFUL,DOC,GRUMPY,HAPPY
2023-07-09,FILE EXTENSIONS,GIF,PDF,TIFF,ZIP
2023-07-09,FLIGHTLESS BIRDS,EMU,KIWI,OSTRICH,PENGUIN
2023-07-09,TROPICAL FRUITS,BANANA,COCONUT,MANGO,PINEAPPLE
2023-07-08,HATS,BERET,BOWLER,FEDORA,FEZ
2023-07-08,ORGANS,HEART,KIDNEY,LIVER,LUNG
2023-07-08,PARTS OF A BOOK,COVER,JACKET,PAGE,SPINE
2023-07-08,JACK ___,ASS,KNIFE,POT,RABBIT
2023-07-07,EUROPEAN COUNTRIES,DENMARK,GREECE,POLAND,PORTUGAL
2023-07-07,SYNONYMS FOR IMITATE,COPY,ECHO,MIMIC,PARROT
2023-07-07,TOMS,CRUISE,HOLLAND,PETTY,WAITS
2023-07-07,WORDS SPELLED WITH ROMAN NUMERALS,DILL,LIVID,MILD,MIX
2023-07-06,DESSERTS,CHEESECAKE,FLAN,MOUSSE,TIRAMISU
2023-07-06,MILD OATHS,DARN,FUDGE,HECK,SHOOT
2023-07-06,ANIMALS WITH TUSKS,ELEPHANT,HIPPO,NARWHAL,WARTHOG
2023-07-06,MUSTACHES,HANDLEBAR,HORSESHOE,PENCIL,WALRUS
2023-07-05,CANDY BARS,BOUNTY,CRUNCH,HEATH,MILKY WAY
2023-07-05,VIDEO GAME CONSOLES,DREAMCAST,GENESIS,SWITCH,WII
2023-07-05,EAR PARTS,ANVIL,COCHLEA,HAMMER,STIRRUP
2023-07-05,BAND NAMES MINUS NUMBERS,BLINK,MAROON,SUM,U
2023-07-04,60's BAND MEMBERS,BEACH BOY,BEATLE,BYRD,MONKEE
2023-07-04,DANCE FADS,DOUGIE,MACARENA,MASHED POTATO,TWIST
2023-07-04,MAGAZINES,FORTUNE,ROLLING STONE,VOGUE,WIRED
2023-07-04,THINGS WITH LINKS,CHAIN,GOLF COURSE,SAUSAGE,WEBSITE
2023-07-03,DOG BREEDS,BOXER,DALMATIAN,HUSKY,POODLE
2023-07-03,ANIMAL NOSES,BEAK,MUZZLE,SNOUT,TRUNK
2023-07-03,TRAFFIC SIGNS,DETOUR,SLOW,STOP,YIELD
2023-07-03,SOUND ___,ASLEEP,BARRIER,BITE,WAVE
2023-07-02,MUSIC GENRES,JAZZ,POP,PUNK,RAP
2023-07-02,WEB BROWSERS,CHROME,EDGE,OPERA,SAFARI
2023-07-02,LITTLE WOMEN SISTERS,AMY,BETH,JO,MEG
2023-07-02,LIL ___ RAPPERS,BABY,JON,KIM,WAYNE
2023-07-01,GRAINS,BARLEY,OAT,RYE,SPELT
2023-07-01,ROYAL TITLES,BARON,EARL,KING,PRINCE
2023-07-01,UNIVERSITIES,BROWN,DUKE,HOWARD,RICE
2023-07-01,BEST DIRECTOR OSCAR WINNERS,BONG,FORD,LEE,STONE
2023-06-30,OFF-WHITE SHADES,CREAM,EGGSHELL,IVORY,VANILLA
2023-06-30,ANTI-VAMPIRE,CRUCIFIX,GARLIC,MIRROR,STAKE
2023-06-30,KINDS OF MEAT,BEEF,PORK,POULTRY,VENISON
2023-06-30,SYNONYMS FOR ARGUMENT,ROW,QUARREL,SPAT,TIFF
2023-06-29,MUSCLES INFORMALLY,Lat,PEC,QUAD,TRI
2023-06-29,AWARDS,CUP,MEDAL,RIBBON,TROPHY
2023-06-29,TITLE TV DOCTORS,GREY,HOUSE,HOWSER,QUINN
2023-06-29,NFL PLAYERS,BEAR,BILL,BROWN,COMMANDER
2023-06-28,NECKWEAR,ASCOT,BOLO,SCARF,TIE
2023-06-28,SHIP DIRECTIONS,BOW,PORT,STARBOARD,STERN
2023-06-28,DETERGENTS,ALL,ERA,GAIN,TIDE
2023-06-28,___ TRIANGLE,ACUTE,BERMUDA,LOVE,RIGHT
2023-06-27,COFFEE DRINKS,AMERICANO,CAPPUCCINO,ESPRESSO,LATTE
2023-06-27,TREE NUTS,ALMOND,CASHEW,PECAN,WALNUT
2023-06-27,SHADES OF GREEN,EMERALD,FOREST,KELLY,OLIVE
2023-06-27,MR. ___,BEAN,CLEAN,FOX,PEANUT
2023-06-26,BIRD SOUNDS,CAW,CHIRP,CLUCK,TWEET
2023-06-26,COLORS,BROWN,PINK,TURQUOISE,VIOLET
2023-06-26,FISHING GEAR,LURE,REEL,ROD,TACKLE
2023-06-26,FICTIONAL PIRATES,HOOK,JONES,SILVER,SPARROW
2023-06-25,BEDS,BUNK,CANOPY,MURPHY,TRUNDLE
2023-06-25,FAMOUS BROTHERS,JONAS,MARX,WARNER,WRIGHT
2023-06-25,HONDAS,ACCORD,CIVIC,PASSPORT,PILOT
2023-06-25,VIDEO GAME CHARACTERS,CRASH,LINK,MARIO,SONIC
2023-06-24,AIRLINES,FRONTIER,SPIRIT,UNITED,VIRGIN
2023-06-24,GREEK LETTERS,BETA,CHI,DELTA,IOTA
2023-06-24,"""SILENT """"G""""""",GNAT,GNAW,GNOCCHI,GNOME
2023-06-24,HOMOPHONES,GNU,KNEW,NEW,NU
2023-06-23,ANIMAL GROUP NAMES,FLOCK,PACK,POD,SCHOOL
2023-06-23,DEADLY SINS,ENVY,GREED,LUST,PRIDE
2023-06-23,SLOW ANIMALS,LORIS,SLOTH,SNAIL,TORTOISE
2023-06-23,TRIG FUNCTIONS,COT,SEC,SIN,TAN
2023-06-22,"""SPICES BEGINNING WITH """"C""""""",CARDAMOM,CLOVE,CORIANDER,CUMIN
2023-06-22,TERMS OF ENDEARMENT,BOO,HONEY,SUGAR,SWEETIE
2023-06-22,THINGS WITH WINGS,AIRPLANE,ANGEL,BIRD,PEGASUS
2023-06-22,SPICE GIRLS,BABY,GINGER,POSH,SCARY
2023-06-21,FRUIT,DATE,KIWI,LEMON,ORANGE
2023-06-21,COUNTRIES,CHAD,GEORGIA,JORDAN,TOGO
2023-06-21,BIRDS,CRANE,JAY,SWALLOW,TURKEY
2023-06-21,ZODIAC SYMBOLS,FISH,GOAT,SCALES,TWINS
2023-06-20,SPORTS,CRICKET,FENCING,POLO,SQUASH
2023-06-20,TOPS,CAMI,HALTER,TANK,TEE
2023-06-20,VEGETABLES,BEET,CARROT,CORN,ONION
2023-06-20,INSECTS,ANT,BEETLE,MANTIS,TERMITE
2023-06-19,BOARD GAMES,BACKGAMMON,CHECKERS,CHESS,GO
2023-06-19,MATTRESS SIZES,FULL,KING,QUEEN,TWIN
2023-06-19,THINGS THAT ARE RED,CHERRY,FIRE TRUCK,RUBY,STOP SIGN
2023-06-19,THINGS WITH KEYS,CRYPTOGRAPHY,FLORIDA,LOCKSMITH,PIANO
2023-06-18,LEG PARTS,ANKLE,KNEE,SHIN,THIGH
2023-06-18,BABY ANIMALS,CALF,CUB,JOEY,KID
2023-06-18,SLANG FOR TOILET,CAN,HEAD,JOHN,THRONE
2023-06-18,___ FISH THAT AREN'T FISH,CRAY,JELLY,SILVER,STAR
2023-06-17,MONOPOLY SQUARES,BOARDWALK,CHANCE,GO,JAIL
2023-06-17,SHADES OF BLUE,BABY,MIDNIGHT,POWDER,ROYAL
2023-06-17,RAPPERS,COMMON,FUTURE,ICE CUBE,Q-TIP
2023-06-17,MEMBERS OF A SEPTET,SEA,SIN,SISTER,WONDER
2023-06-16,STREAMING SERVICES,HULU,NETFLIX,PEACOCK,PRIME
2023-06-16,CONDIMENTS,KETCHUP,MAYO,RELISH,TARTAR
2023-06-16,SYNONYMS FOR SAD,BLUE,DOWN,GLUM,LOW
2023-06-16,CLUE CHARACTERS,GREEN,MUSTARD,PLUM,SCARLET
2023-06-15,SNEAKER BRANDS,ADIDAS,NIKE,PUMA,REEBOK
2023-06-15,"""MUSICALS BEGINNING WITH """"C""""""",CABARET,CAROUSEL,CATS,CHICAGO
2023-06-15,CLEANING VERBS,DUST,MOP,SWEEP,VACUUM
2023-06-15,___ MAN SUPERHEROES,BAT,IRON,SPIDER,SUPER
2023-06-14,FACIAL FEATURES,CHEEK,EYE,MOUTH,NOSE
2023-06-14,SYNONYMS FOR EAT,CHOW,GOBBLE,SCARF,WOLF
2023-06-14,DOG BREEDS INFORMALLY,LAB,PEKE,PIT,POM
2023-06-14,MEMBERS OF A TRIO,AMIGO,KING,STOOGE,TENOR
2023-06-13,FOOTWEAR,BOOT,LOAFER,PUMP,SNEAKER
2023-06-13,UNITS OF LENGTH,FOOT,LEAGUE,MILE,YARD
2023-06-13,MAGAZINES,ESSENCE,PEOPLE,TIME,US
2023-06-13,LETTER HOMOPHONES,ARE,QUEUE,SEA,WHY
2023-06-12,WET WEATHER,HAIL,RAIN,SLEET,SNOW
2023-06-12,NBA TEAMS,BUCKS,HEAT,JAZZ,NETS
2023-06-12,KEYBOARD KEYS,OPTION,RETURN,SHIFT,TAB
2023-06-12,PALINDROMES,KAYAK,LEVEL,MOM,RACE CAR
